"id_compra","id_vendedor"
"1","1"
"2","2"
"3","3"
"4","4"
"5","5"
"6","6"
"7","7"
"8","8"
"9","9"
"10","10"
"11","1"
"12","2"
"13","5"
"14","4"
"15","5"
"16","7"
"17","7"
"18","8"
"19","9"
"20","10"
"21","1"
"22","2"
"23","5"
"24","4"
"25","5"
"26","7"
"27","7"
"28","8"
"29","9"
"30","10"
"31","4"
"32","5"
"33","6"
"34","7"
"35","8"
"36","9"
"37","10"
"38","1"
"39","2"
"40","5"
"41","4"
"42","5"
"43","6"
"44","7"
"45","8"
"46","9"
"47","10"
"48","1"
"49","2"
"50","3"
"51","4"
"52","5"
"53","7"
"54","1"
"55","2"
"56","3"
"57","4"
"58","5"
"59","7"
"60","7"
"61","8"
"62","9"
"63","10"
"64","1"
"65","2"
"66","3"
"67","4"
"68","5"
"69","7"
"70","7"
"71","8"
"72","9"
"73","10"
"74","1"
"75","2"
"76","3"
"77","4"
"78","5"
"79","6"
"80","7"
"81","8"
"82","9"
"83","10"
"84","4"
"85","5"
"86","6"
"87","7"
"88","8"
"89","9"
"90","10"
"91","1"
"92","2"
"93","3"
"94","4"
"95","5"
"96","7"
"97","7"
"98","8"
"99","9"
"100","10"
"101","1"
"102","2"
"103","5"
"104","4"
"105","5"
"106","7"
"107","1"
"108","2"
"109","5"
"110","4"
"111","5"
"112","7"
"113","7"
"114","8"
"115","9"
"116","10"
"117","1"
"118","2"
"119","5"
"120","4"
"121","5"
"122","7"
"123","7"
"124","8"
"125","9"
"126","10"
"127","1"
"128","2"
"129","5"
"130","4"
"131","5"
"132","6"
"133","7"
"134","8"
"135","9"
"136","10"
"137","4"
"138","5"
"139","6"
"140","7"
"141","8"
"142","9"
"143","10"
"144","1"
"145","2"
"146","5"
"147","4"
"148","5"
"149","7"
"150","7"
"151","8"
"152","9"
"153","10"
"154","1"
"155","2"
"156","5"
"157","4"
"158","5"
"159","7"
"160","1"
"161","2"
"162","5"
"163","4"
"164","5"
"165","7"
"166","7"
"167","8"
"168","9"
"169","10"
"170","1"
"171","2"
"172","3"
"173","4"
"174","5"
"175","7"
"176","7"
"177","8"
"178","9"
"179","10"
"180","1"
"181","2"
"182","3"
"183","4"
"184","5"
"185","6"
"186","7"
"187","8"
"188","9"
"189","10"
"190","4"
"191","5"
"192","7"
"193","7"
"194","8"
"195","9"
"196","10"
"197","1"
"198","2"
"199","3"
"200","4"
"201","5"
"202","7"
"203","7"
"204","8"
"205","9"
"206","10"
"207","1"
"208","2"
"209","5"
"210","4"
"211","5"
"212","7"
"213","1"
"214","2"
"215","5"
"216","4"
"217","5"
"218","6"
"219","7"
"220","8"
"221","9"
"222","10"
"223","1"
"224","2"
"225","5"
"226","4"
"227","5"
"228","7"
"229","7"
"230","8"
"231","9"
"232","10"
"233","1"
"234","2"
"235","5"
"236","4"
"237","5"
"238","7"
"239","7"
"240","8"
"241","9"
"242","10"
"243","4"
"244","5"
"245","7"
"246","7"
"247","8"
"248","9"
"249","10"
"250","1"
"251","2"
"252","5"
"253","4"
"254","5"
"255","6"
"256","7"
"257","8"
"258","9"
"259","10"
"260","1"
"261","2"
"262","5"
"263","4"
"264","5"
"265","6"
"266","1"
"267","2"
"268","5"
"269","4"
"270","5"
"271","6"
"272","7"
"273","8"
"274","9"
"275","10"
"276","1"
"277","2"
"278","3"
"279","4"
"280","5"
"281","6"
"282","7"
"283","8"
"284","9"
"285","10"
"286","1"
"287","2"
"288","3"
"289","4"
"290","5"
"291","6"
"292","7"
"293","8"
"294","9"
"295","10"
"296","4"
"297","5"
"298","6"
"299","7"
"300","8"
"301","9"
"302","10"
"303","1"
"304","2"
"305","3"
"306","4"
"307","5"
"308","6"
"309","7"
"310","8"
"311","9"
"312","10"
"313","1"
"314","2"
"315","3"
"316","4"
"317","5"
"318","7"
"319","1"
"320","2"
"321","3"
"322","4"
"323","5"
"324","7"
"325","7"
"326","8"
"327","9"
"328","10"
"329","1"
"330","2"
"331","3"
"332","4"
"333","5"
"334","7"
"335","7"
"336","8"
"337","9"
"338","10"
"339","1"
"340","2"
"341","3"
"342","4"
"343","5"
"344","7"
"345","7"
"346","8"
"347","9"
"348","10"
"349","4"
"350","5"
"351","7"
"352","7"
"353","8"
"354","9"
"355","10"
"356","1"
"357","2"
"358","3"
"359","4"
"360","5"
"361","7"
"362","7"
"363","8"
"364","9"
"365","10"
"366","1"
"367","2"
"368","3"
"369","4"
"370","5"
"371","6"
"372","1"
"373","2"
"374","3"
"375","4"
"376","5"
"377","6"
"378","7"
"379","8"
"380","9"
"381","10"
"382","1"
"383","2"
"384","3"
"385","4"
"386","5"
"387","6"
"388","7"
"389","8"
"390","9"
"391","10"
"392","1"
"393","2"
"394","3"
"395","4"
"396","5"
"397","6"
"398","7"
"399","8"
"400","9"
"401","10"
"402","4"
"403","5"
"404","6"
"405","7"
"406","8"
"407","9"
"408","10"
"409","1"
"410","2"
"411","5"
"412","4"
"413","5"
"414","6"
"415","7"
"416","8"
"417","9"
"418","10"
"419","1"
"420","2"
"421","5"
"422","4"
"423","5"
"424","7"
"425","1"
"426","2"
"427","5"
"428","4"
"429","5"
"430","7"
"431","7"
"432","8"
"433","9"
"434","10"
"435","1"
"436","2"
"437","5"
"438","4"
"439","5"
"440","6"
"441","7"
"442","8"
"443","9"
"444","10"
"445","1"
"446","2"
"447","3"
"448","4"
"449","5"
"450","6"
"451","7"
"452","8"
"453","9"
"454","10"
"455","4"
"456","5"
"457","7"
"458","7"
"459","8"
"460","9"
"461","10"
"462","1"
"463","2"
"464","3"
"465","4"
"466","5"
"467","7"
"468","7"
"469","8"
"470","9"
"471","10"
"472","1"
"473","2"
"474","3"
"475","4"
"476","5"
"477","7"
"478","1"
"479","2"
"480","3"
"481","4"
"482","5"
"483","7"
"484","7"
"485","8"
"486","9"
"487","10"
"488","1"
"489","2"
"490","3"
"491","4"
"492","5"
"493","6"
"494","7"
"495","8"
"496","9"
"497","10"
"498","1"
"499","1"
"500","3"
"501","4"
"502","5"
"503","6"
"504","7"
"505","8"
"506","9"
"507","10"
"508","4"
"509","5"
"510","6"
"511","7"
"512","8"
"513","9"
"514","10"
"515","1"
"516","1"
"517","3"
"518","4"
"519","5"
"520","6"
"521","7"
"522","8"
"523","9"
"524","10"
"525","1"
"526","2"
"527","3"
"528","4"
"529","5"
"530","6"
"531","1"
"532","2"
"533","3"
"534","4"
"535","5"
"536","6"
"537","7"
"538","8"
"539","9"
"540","10"
"541","1"
"542","1"
"543","5"
"544","4"
"545","5"
"546","6"
"547","7"
"548","8"
"549","9"
"550","10"
"551","1"
"552","1"
"553","5"
"554","4"
"555","5"
"556","6"
"557","7"
"558","8"
"559","9"
"560","10"
"561","4"
"562","5"
"563","6"
"564","7"
"565","8"
"566","9"
"567","10"
"568","1"
"569","2"
"570","5"
"571","4"
"572","5"
"573","6"
"574","7"
"575","8"
"576","9"
"577","10"
"578","1"
"579","2"
"580","5"
"581","4"
"582","5"
"583","6"
"584","1"
"585","1"
"586","3"
"587","4"
"588","5"
"589","6"
"590","7"
"591","8"
"592","9"
"593","10"
"594","1"
"595","1"
"596","3"
"597","4"
"598","5"
"599","6"
"600","7"
"601","8"
"602","9"
"603","10"
"604","1"
"605","1"
"606","3"
"607","4"
"608","5"
"609","6"
"610","7"
"611","8"
"612","9"
"613","10"
"614","4"
"615","5"
"616","6"
"617","7"
"618","7"
"619","9"
"620","10"
"621","1"
"622","1"
"623","3"
"624","4"
"625","5"
"626","6"
"627","7"
"628","7"
"629","9"
"630","10"
"631","1"
"632","2"
"633","3"
"634","4"
"635","5"
"636","6"
"637","1"
"638","2"
"639","3"
"640","4"
"641","5"
"642","6"
"643","7"
"644","7"
"645","9"
"646","10"
"647","1"
"648","2"
"649","3"
"650","4"
"651","5"
"652","6"
"653","7"
"654","7"
"655","9"
"656","10"
"657","1"
"658","2"
"659","3"
"660","4"
"661","5"
"662","6"
"663","7"
"664","7"
"665","9"
"666","10"
"667","4"
"668","5"
"669","6"
"670","7"
"671","7"
"672","9"
"673","10"
"674","1"
"675","1"
"676","3"
"677","4"
"678","5"
"679","6"
"680","7"
"681","7"
"682","9"
"683","10"
"684","1"
"685","1"
"686","3"
"687","4"
"688","5"
"689","6"
"690","1"
"691","1"
"692","3"
"693","4"
"694","5"
"695","6"
"696","7"
"697","7"
"698","9"
"699","10"
"700","1"
"701","2"
"702","3"
"703","4"
"704","5"
"705","6"
"706","7"
"707","7"
"708","9"
"709","10"
"710","1"
"711","2"
"712","3"
"713","4"
"714","5"
"715","6"
"716","7"
"717","7"
"718","9"
"719","10"
"720","4"
"721","5"
"722","6"
"723","7"
"724","7"
"725","9"
"726","10"
"727","1"
"728","1"
"729","3"
"730","4"
"731","5"
"732","6"
"733","7"
"734","8"
"735","9"
"736","10"
"737","1"
"738","1"
"739","3"
"740","4"
"741","5"
"742","6"
"743","1"
"744","2"
"745","3"
"746","4"
"747","5"
"748","6"
"749","7"
"750","8"
"751","9"
"752","10"
"753","1"
"754","2"
"755","3"
"756","4"
"757","5"
"758","6"
"759","7"
"760","8"
"761","9"
"762","10"
"763","1"
"764","1"
"765","3"
"766","4"
"767","5"
"768","6"
"769","7"
"770","8"
"771","9"
"772","10"
"773","4"
"774","5"
"775","6"
"776","7"
"777","8"
"778","9"
"779","10"
"780","1"
"781","1"
"782","3"
"783","4"
"784","5"
"785","6"
"786","7"
"787","8"
"788","9"
"789","10"
"790","1"
"791","2"
"792","3"
"793","4"
"794","5"
"795","6"
"796","1"
"797","2"
"798","3"
"799","4"
"800","5"
"801","6"
"802","7"
"803","8"
"804","9"
"805","10"
"806","1"
"807","1"
"808","3"
"809","4"
"810","5"
"811","6"
"812","7"
"813","8"
"814","9"
"815","10"
"816","1"
"817","1"
"818","3"
"819","4"
"820","5"
"821","6"
"822","7"
"823","7"
"824","9"
"825","10"
"826","4"
"827","5"
"828","6"
"829","7"
"830","7"
"831","9"
"832","10"
"833","1"
"834","2"
"835","3"
"836","4"
"837","5"
"838","6"
"839","7"
"840","8"
"841","9"
"842","3"
"843","1"
"844","2"
"845","3"
"846","4"
"847","5"
"848","6"
"849","1"
"850","2"
"851","3"
"852","4"
"853","5"
"854","6"
"855","7"
"856","8"
"857","9"
"858","3"
"859","1"
"860","2"
"861","3"
"862","4"
"863","5"
"864","6"
"865","7"
"866","7"
"867","9"
"868","3"
"869","1"
"870","2"
"871","3"
"872","4"
"873","5"
"874","6"
"875","7"
"876","7"
"877","9"
"878","3"
"879","4"
"880","5"
"881","6"
"882","7"
"883","8"
"884","9"
"885","10"
"886","1"
"887","2"
"888","3"
"889","4"
"890","5"
"891","6"
"892","7"
"893","8"
"894","9"
"895","10"
"896","1"
"897","2"
"898","3"
"899","4"
"900","5"
"901","6"
"902","1"
"903","2"
"904","3"
"905","4"
"906","5"
"907","6"
"908","7"
"909","8"
"910","9"
"911","10"
"912","1"
"913","2"
"914","3"
"915","4"
"916","5"
"917","6"
"918","7"
"919","8"
"920","9"
"921","10"
"922","1"
"923","2"
"924","3"
"925","4"
"926","5"
"927","6"
"928","7"
"929","7"
"930","9"
"931","10"
"932","4"
"933","5"
"934","6"
"935","7"
"936","7"
"937","9"
"938","10"
"939","1"
"940","2"
"941","3"
"942","4"
"943","5"
"944","6"
"945","7"
"946","7"
"947","9"
"948","10"
"949","1"
"950","2"
"951","3"
"952","4"
"953","5"
"954","6"
"955","1"
"956","2"
"957","3"
"958","4"
"959","5"
"960","6"
"961","7"
"962","7"
"963","9"
"964","10"
"965","1"
"966","2"
"967","3"
"968","4"
"969","5"
"970","6"
"971","7"
"972","7"
"973","9"
"974","10"
"975","1"
"976","2"
"977","3"
"978","4"
"979","5"
"980","6"
"981","7"
"982","7"
"983","9"
"984","10"
"985","4"
"986","5"
"987","6"
"988","7"
"989","7"
"990","9"
"991","10"
"992","1"
"993","2"
"994","3"
"995","4"
"996","5"
"997","6"
"998","7"
"999","7"
"1000","9"
"1001","1"
"1002","2"
"1003","3"
"1004","4"
"1005","5"
"1006","6"
"1007","7"
"1008","8"
"1009","9"
"1010","10"
"1011","1"
"1012","2"
"1013","5"
"1014","4"
"1015","5"
"1016","7"
"1017","7"
"1018","8"
"1019","9"
"1020","10"
"1021","1"
"1022","2"
"1023","5"
"1024","4"
"1025","5"
"1026","7"
"1027","7"
"1028","8"
"1029","9"
"1030","10"
"1031","4"
"1032","5"
"1033","6"
"1034","7"
"1035","8"
"1036","9"
"1037","10"
"1038","1"
"1039","2"
"1040","5"
"1041","4"
"1042","5"
"1043","6"
"1044","7"
"1045","8"
"1046","9"
"1047","10"
"1048","1"
"1049","2"
"1050","3"
"1051","4"
"1052","5"
"1053","7"
"1054","1"
"1055","2"
"1056","3"
"1057","4"
"1058","5"
"1059","7"
"1060","7"
"1061","8"
"1062","9"
"1063","10"
"1064","1"
"1065","2"
"1066","3"
"1067","4"
"1068","5"
"1069","7"
"1070","7"
"1071","8"
"1072","9"
"1073","10"
"1074","1"
"1075","2"
"1076","3"
"1077","4"
"1078","5"
"1079","6"
"1080","7"
"1081","8"
"1082","9"
"1083","10"
"1084","4"
"1085","5"
"1086","6"
"1087","7"
"1088","8"
"1089","9"
"1090","10"
"1091","1"
"1092","2"
"1093","3"
"1094","4"
"1095","5"
"1096","7"
"1097","7"
"1098","8"
"1099","9"
"1100","10"
"1101","1"
"1102","2"
"1103","5"
"1104","4"
"1105","5"
"1106","7"
"1107","1"
"1108","2"
"1109","5"
"1110","4"
"1111","5"
"1112","7"
"1113","7"
"1114","8"
"1115","9"
"1116","10"
"1117","1"
"1118","2"
"1119","5"
"1120","4"
"1121","5"
"1122","7"
"1123","7"
"1124","8"
"1125","9"
"1126","10"
"1127","1"
"1128","2"
"1129","5"
"1130","4"
"1131","5"
"1132","6"
"1133","7"
"1134","8"
"1135","9"
"1136","10"
"1137","4"
"1138","5"
"1139","6"
"1140","7"
"1141","8"
"1142","9"
"1143","10"
"1144","1"
"1145","2"
"1146","5"
"1147","4"
"1148","5"
"1149","7"
"1150","7"
"1151","8"
"1152","9"
"1153","10"
"1154","1"
"1155","2"
"1156","5"
"1157","4"
"1158","5"
"1159","7"
"1160","1"
"1161","2"
"1162","5"
"1163","4"
"1164","5"
"1165","7"
"1166","7"
"1167","8"
"1168","9"
"1169","10"
"1170","1"
"1171","2"
"1172","3"
"1173","4"
"1174","5"
"1175","7"
"1176","7"
"1177","8"
"1178","9"
"1179","10"
"1180","1"
"1181","2"
"1182","3"
"1183","4"
"1184","5"
"1185","6"
"1186","7"
"1187","8"
"1188","9"
"1189","10"
"1190","4"
"1191","5"
"1192","7"
"1193","7"
"1194","8"
"1195","9"
"1196","10"
"1197","1"
"1198","2"
"1199","3"
"1200","4"
"1201","5"
"1202","7"
"1203","7"
"1204","8"
"1205","9"
"1206","10"
"1207","1"
"1208","2"
"1209","5"
"1210","4"
"1211","5"
"1212","7"
"1213","1"
"1214","2"
"1215","5"
"1216","4"
"1217","5"
"1218","6"
"1219","7"
"1220","8"
"1221","9"
"1222","10"
"1223","1"
"1224","2"
"1225","5"
"1226","4"
"1227","5"
"1228","7"
"1229","7"
"1230","8"
"1231","9"
"1232","10"
"1233","1"
"1234","2"
"1235","5"
"1236","4"
"1237","5"
"1238","7"
"1239","7"
"1240","8"
"1241","9"
"1242","10"
"1243","4"
"1244","5"
"1245","7"
"1246","7"
"1247","8"
"1248","9"
"1249","10"
"1250","1"
"1251","2"
"1252","5"
"1253","4"
"1254","5"
"1255","6"
"1256","7"
"1257","8"
"1258","9"
"1259","10"
"1260","1"
"1261","2"
"1262","5"
"1263","4"
"1264","5"
"1265","6"
"1266","1"
"1267","2"
"1268","5"
"1269","4"
"1270","5"
"1271","6"
"1272","7"
"1273","8"
"1274","9"
"1275","10"
"1276","1"
"1277","2"
"1278","3"
"1279","4"
"1280","5"
"1281","6"
"1282","7"
"1283","8"
"1284","9"
"1285","10"
"1286","1"
"1287","2"
"1288","3"
"1289","4"
"1290","5"
"1291","6"
"1292","7"
"1293","8"
"1294","9"
"1295","10"
"1296","4"
"1297","5"
"1298","6"
"1299","7"
"1300","8"
"1301","9"
"1302","10"
"1303","1"
"1304","2"
"1305","3"
"1306","4"
"1307","5"
"1308","6"
"1309","7"
"1310","8"
"1311","9"
"1312","10"
"1313","1"
"1314","2"
"1315","3"
"1316","4"
"1317","5"
"1318","7"
"1319","1"
"1320","2"
"1321","3"
"1322","4"
"1323","5"
"1324","7"
"1325","7"
"1326","8"
"1327","9"
"1328","10"
"1329","1"
"1330","2"
"1331","3"
"1332","4"
"1333","5"
"1334","7"
"1335","7"
"1336","8"
"1337","9"
"1338","10"
"1339","1"
"1340","2"
"1341","3"
"1342","4"
"1343","5"
"1344","7"
"1345","7"
"1346","8"
"1347","9"
"1348","10"
"1349","4"
"1350","5"
"1351","7"
"1352","7"
"1353","8"
"1354","9"
"1355","10"
"1356","1"
"1357","2"
"1358","3"
"1359","4"
"1360","5"
"1361","7"
"1362","7"
"1363","8"
"1364","9"
"1365","10"
"1366","1"
"1367","2"
"1368","3"
"1369","4"
"1370","5"
"1371","6"
"1372","1"
"1373","2"
"1374","3"
"1375","4"
"1376","5"
"1377","6"
"1378","7"
"1379","8"
"1380","9"
"1381","10"
"1382","1"
"1383","2"
"1384","3"
"1385","4"
"1386","5"
"1387","6"
"1388","7"
"1389","8"
"1390","9"
"1391","10"
"1392","1"
"1393","2"
"1394","3"
"1395","4"
"1396","5"
"1397","6"
"1398","7"
"1399","8"
"1400","9"
"1401","10"
"1402","4"
"1403","5"
"1404","6"
"1405","7"
"1406","8"
"1407","9"
"1408","10"
"1409","1"
"1410","2"
"1411","5"
"1412","4"
"1413","5"
"1414","6"
"1415","7"
"1416","8"
"1417","9"
"1418","10"
"1419","1"
"1420","2"
"1421","5"
"1422","4"
"1423","5"
"1424","7"
"1425","1"
"1426","2"
"1427","5"
"1428","4"
"1429","5"
"1430","7"
"1431","7"
"1432","8"
"1433","9"
"1434","10"
"1435","1"
"1436","2"
"1437","5"
"1438","4"
"1439","5"
"1440","6"
"1441","7"
"1442","8"
"1443","9"
"1444","10"
"1445","1"
"1446","2"
"1447","3"
"1448","4"
"1449","5"
"1450","6"
"1451","7"
"1452","8"
"1453","9"
"1454","10"
"1455","4"
"1456","5"
"1457","7"
"1458","7"
"1459","8"
"1460","9"
"1461","10"
"1462","1"
"1463","2"
"1464","3"
"1465","4"
"1466","5"
"1467","7"
"1468","7"
"1469","8"
"1470","9"
"1471","10"
"1472","1"
"1473","2"
"1474","3"
"1475","4"
"1476","5"
"1477","7"
"1478","1"
"1479","2"
"1480","3"
"1481","4"
"1482","5"
"1483","7"
"1484","7"
"1485","8"
"1486","9"
"1487","10"
"1488","1"
"1489","2"
"1490","3"
"1491","4"
"1492","5"
"1493","6"
"1494","7"
"1495","8"
"1496","9"
"1497","10"
"1498","1"
"1499","1"
"1500","3"
"1501","4"
"1502","5"
"1503","6"
"1504","7"
"1505","8"
"1506","9"
"1507","10"
"1508","4"
"1509","5"
"1510","6"
"1511","7"
"1512","8"
"1513","9"
"1514","10"
"1515","1"
"1516","1"
"1517","3"
"1518","4"
"1519","5"
"1520","6"
"1521","7"
"1522","8"
"1523","9"
"1524","10"
"1525","1"
"1526","2"
"1527","3"
"1528","4"
"1529","5"
"1530","6"
"1531","1"
"1532","2"
"1533","3"
"1534","4"
"1535","5"
"1536","6"
"1537","7"
"1538","8"
"1539","9"
"1540","10"
"1541","1"
"1542","1"
"1543","5"
"1544","4"
"1545","5"
"1546","6"
"1547","7"
"1548","8"
"1549","9"
"1550","10"
"1551","1"
"1552","1"
"1553","5"
"1554","4"
"1555","5"
"1556","6"
"1557","7"
"1558","8"
"1559","9"
"1560","10"
"1561","4"
"1562","5"
"1563","6"
"1564","7"
"1565","8"
"1566","9"
"1567","10"
"1568","1"
"1569","2"
"1570","5"
"1571","4"
"1572","5"
"1573","6"
"1574","7"
"1575","8"
"1576","9"
"1577","10"
"1578","1"
"1579","2"
"1580","5"
"1581","4"
"1582","5"
"1583","6"
"1584","1"
"1585","1"
"1586","3"
"1587","4"
"1588","5"
"1589","6"
"1590","7"
"1591","8"
"1592","9"
"1593","10"
"1594","1"
"1595","1"
"1596","3"
"1597","4"
"1598","5"
"1599","6"
"1600","7"
"1601","8"
"1602","9"
"1603","10"
"1604","1"
"1605","1"
"1606","3"
"1607","4"
"1608","5"
"1609","6"
"1610","7"
"1611","8"
"1612","9"
"1613","10"
"1614","4"
"1615","5"
"1616","6"
"1617","7"
"1618","7"
"1619","9"
"1620","10"
"1621","1"
"1622","1"
"1623","3"
"1624","4"
"1625","5"
"1626","6"
"1627","7"
"1628","7"
"1629","9"
"1630","10"
"1631","1"
"1632","2"
"1633","3"
"1634","4"
"1635","5"
"1636","6"
"1637","1"
"1638","2"
"1639","3"
"1640","4"
"1641","5"
"1642","6"
"1643","7"
"1644","7"
"1645","9"
"1646","10"
"1647","1"
"1648","2"
"1649","3"
"1650","4"
"1651","5"
"1652","6"
"1653","7"
"1654","7"
"1655","9"
"1656","10"
"1657","1"
"1658","2"
"1659","3"
"1660","4"
"1661","5"
"1662","6"
"1663","7"
"1664","7"
"1665","9"
"1666","10"
"1667","4"
"1668","5"
"1669","6"
"1670","7"
"1671","7"
"1672","9"
"1673","10"
"1674","1"
"1675","1"
"1676","3"
"1677","4"
"1678","5"
"1679","6"
"1680","7"
"1681","7"
"1682","9"
"1683","10"
"1684","1"
"1685","1"
"1686","3"
"1687","4"
"1688","5"
"1689","6"
"1690","1"
"1691","1"
"1692","3"
"1693","4"
"1694","5"
"1695","6"
"1696","7"
"1697","7"
"1698","9"
"1699","10"
"1700","1"
"1701","2"
"1702","3"
"1703","4"
"1704","5"
"1705","6"
"1706","7"
"1707","7"
"1708","9"
"1709","10"
"1710","1"
"1711","2"
"1712","3"
"1713","4"
"1714","5"
"1715","6"
"1716","7"
"1717","7"
"1718","9"
"1719","10"
"1720","4"
"1721","5"
"1722","6"
"1723","7"
"1724","7"
"1725","9"
"1726","10"
"1727","1"
"1728","1"
"1729","3"
"1730","4"
"1731","5"
"1732","6"
"1733","7"
"1734","8"
"1735","9"
"1736","10"
"1737","1"
"1738","1"
"1739","3"
"1740","4"
"1741","5"
"1742","6"
"1743","1"
"1744","2"
"1745","3"
"1746","4"
"1747","5"
"1748","6"
"1749","7"
"1750","8"
"1751","9"
"1752","10"
"1753","1"
"1754","2"
"1755","3"
"1756","4"
"1757","5"
"1758","6"
"1759","7"
"1760","8"
"1761","9"
"1762","10"
"1763","1"
"1764","1"
"1765","3"
"1766","4"
"1767","5"
"1768","6"
"1769","7"
"1770","8"
"1771","9"
"1772","10"
"1773","4"
"1774","5"
"1775","6"
"1776","7"
"1777","8"
"1778","9"
"1779","10"
"1780","1"
"1781","1"
"1782","3"
"1783","4"
"1784","5"
"1785","6"
"1786","7"
"1787","8"
"1788","9"
"1789","10"
"1790","1"
"1791","2"
"1792","3"
"1793","4"
"1794","5"
"1795","6"
"1796","1"
"1797","2"
"1798","3"
"1799","4"
"1800","5"
"1801","6"
"1802","7"
"1803","8"
"1804","9"
"1805","10"
"1806","1"
"1807","1"
"1808","3"
"1809","4"
"1810","5"
"1811","6"
"1812","7"
"1813","8"
"1814","9"
"1815","10"
"1816","1"
"1817","1"
"1818","3"
"1819","4"
"1820","5"
"1821","6"
"1822","7"
"1823","7"
"1824","9"
"1825","10"
"1826","4"
"1827","5"
"1828","6"
"1829","7"
"1830","7"
"1831","9"
"1832","10"
"1833","1"
"1834","2"
"1835","3"
"1836","4"
"1837","5"
"1838","6"
"1839","7"
"1840","8"
"1841","9"
"1842","3"
"1843","1"
"1844","2"
"1845","3"
"1846","4"
"1847","5"
"1848","6"
"1849","1"
"1850","2"
"1851","3"
"1852","4"
"1853","5"
"1854","6"
"1855","7"
"1856","8"
"1857","9"
"1858","3"
"1859","1"
"1860","2"
"1861","3"
"1862","4"
"1863","5"
"1864","6"
"1865","7"
"1866","7"
"1867","9"
"1868","3"
"1869","1"
"1870","2"
"1871","3"
"1872","4"
"1873","5"
"1874","6"
"1875","7"
"1876","7"
"1877","9"
"1878","3"
"1879","4"
"1880","5"
"1881","6"
"1882","7"
"1883","8"
"1884","9"
"1885","10"
"1886","1"
"1887","2"
"1888","3"
"1889","4"
"1890","5"
"1891","6"
"1892","7"
"1893","8"
"1894","9"
"1895","10"
"1896","1"
"1897","2"
"1898","3"
"1899","4"
"1900","5"
"1901","6"
"1902","1"
"1903","2"
"1904","3"
"1905","4"
"1906","5"
"1907","6"
"1908","7"
"1909","8"
"1910","9"
"1911","10"
"1912","1"
"1913","2"
"1914","3"
"1915","4"
"1916","5"
"1917","6"
"1918","7"
"1919","8"
"1920","9"
"1921","10"
"1922","1"
"1923","2"
"1924","3"
"1925","4"
"1926","5"
"1927","6"
"1928","7"
"1929","7"
"1930","9"
"1931","10"
"1932","4"
"1933","5"
"1934","6"
"1935","7"
"1936","7"
"1937","9"
"1938","10"
"1939","1"
"1940","2"
"1941","3"
"1942","4"
"1943","5"
"1944","6"
"1945","7"
"1946","7"
"1947","9"
"1948","10"
"1949","1"
"1950","2"
"1951","3"
"1952","4"
"1953","5"
"1954","6"
"1955","1"
"1956","2"
"1957","3"
"1958","4"
"1959","5"
"1960","6"
"1961","7"
"1962","7"
"1963","9"
"1964","10"
"1965","1"
"1966","2"
"1967","3"
"1968","4"
"1969","5"
"1970","6"
"1971","7"
"1972","7"
"1973","9"
"1974","10"
"1975","1"
"1976","2"
"1977","3"
"1978","4"
"1979","5"
"1980","6"
"1981","7"
"1982","7"
"1983","9"
"1984","10"
"1985","4"
"1986","5"
"1987","6"
"1988","7"
"1989","7"
"1990","9"
"1991","10"
"1992","1"
"1993","2"
"1994","3"
"1995","4"
"1996","5"
"1997","6"
"1998","7"
"1999","7"
"2000","9"
"2001","2"
"2002","3"
"2003","4"
"2004","5"
"2005","6"
"2006","7"
"2007","7"
"2008","9"
"2009","10"
"2010","1"
"2011","2"
"2012","3"
"2013","4"
"2014","5"
"2015","6"
"2016","1"
"2017","2"
"2018","3"
"2019","4"
"2020","5"
"2021","6"
"2022","7"
"2023","7"
"2024","9"
"2025","10"
"2026","1"
"2027","2"
"2028","3"
"2029","4"
"2030","5"
"2031","6"
"2032","7"
"2033","7"
"2034","9"
"2035","10"
"2036","1"
"2037","2"
"2038","3"
"2039","4"
"2040","5"
"2041","6"
"2042","7"
"2043","7"
"2044","9"
"2045","10"
"2046","4"
"2047","5"
"2048","6"
"2049","7"
"2050","7"
"2051","9"
"2052","10"
"2053","1"
"2054","2"
"2055","3"
"2056","4"
"2057","5"
"2058","6"
"2059","7"
"2060","7"
"2061","9"
"2062","1"
"2063","2"
"2064","3"
"2065","4"
"2066","5"
"2067","6"
"2068","7"
"2069","8"
"2070","9"
"2071","10"
"2072","1"
"2073","2"
"2074","5"
"2075","4"
"2076","5"
"2077","7"
"2078","7"
"2079","8"
"2080","9"
"2081","10"
"2082","1"
"2083","2"
"2084","5"
"2085","1"
"2086","2"
"2087","3"
"2088","4"
"2089","5"
"2090","6"
"2091","7"
"2092","8"
"2093","9"
"2094","10"
"2095","1"
"2096","2"
"2097","5"
"2098","4"
"2099","5"
"2100","7"
"2101","7"
"2102","8"
"2103","9"
"2104","10"
"2105","1"
"2106","2"
"2107","5"
"2108","4"
"2109","5"
"2110","7"
"2111","7"
"2112","8"
"2113","9"
"2114","10"
"2115","4"
"2116","5"
"2117","6"
"2118","7"
"2119","8"
"2120","9"
"2121","10"
"2122","1"
"2123","2"
"2124","5"
"2125","4"
"2126","5"
"2127","6"
"2128","7"
"2129","8"
"2130","9"
"2131","10"
"2132","1"
"2133","2"
"2134","3"
"2135","4"
"2136","5"
"2137","7"
"2138","1"
"2139","2"
"2140","3"
"2141","4"
"2142","5"
"2143","7"
"2144","7"
"2145","8"
"2146","9"
"2147","10"
"2148","1"
"2149","2"
"2150","3"
"2151","4"
"2152","5"
"2153","7"
"2154","7"
"2155","8"
"2156","9"
"2157","10"
"2158","1"
"2159","2"
"2160","3"
"2161","4"
"2162","5"
"2163","6"
"2164","7"
"2165","8"
"2166","9"
"2167","10"
"2168","4"
"2169","5"
"2170","6"
"2171","7"
"2172","8"
"2173","9"
"2174","10"
"2175","1"
"2176","2"
"2177","3"
"2178","4"
"2179","5"
"2180","7"
"2181","7"
"2182","8"
"2183","9"
"2184","10"
"2185","1"
"2186","2"
"2187","5"
"2188","4"
"2189","5"
"2190","7"
"2191","1"
"2192","2"
"2193","5"
"2194","4"
"2195","5"
"2196","7"
"2197","7"
"2198","8"
"2199","9"
"2200","10"
"2201","1"
"2202","2"
"2203","5"
"2204","4"
"2205","5"
"2206","7"
"2207","7"
"2208","8"
"2209","9"
"2210","10"
"2211","1"
"2212","2"
"2213","5"
"2214","4"
"2215","5"
"2216","6"
"2217","7"
"2218","8"
"2219","9"
"2220","10"
"2221","4"
"2222","5"
"2223","6"
"2224","7"
"2225","8"
"2226","9"
"2227","10"
"2228","1"
"2229","2"
"2230","5"
"2231","4"
"2232","5"
"2233","7"
"2234","7"
"2235","8"
"2236","9"
"2237","10"
"2238","1"
"2239","2"
"2240","5"
"2241","4"
"2242","5"
"2243","7"
"2244","1"
"2245","2"
"2246","5"
"2247","4"
"2248","5"
"2249","7"
"2250","7"
"2251","8"
"2252","9"
"2253","10"
"2254","1"
"2255","2"
"2256","3"
"2257","4"
"2258","5"
"2259","7"
"2260","7"
"2261","8"
"2262","9"
"2263","10"
"2264","1"
"2265","2"
"2266","3"
"2267","4"
"2268","5"
"2269","6"
"2270","7"
"2271","8"
"2272","9"
"2273","10"
"2274","4"
"2275","5"
"2276","7"
"2277","7"
"2278","8"
"2279","9"
"2280","10"
"2281","1"
"2282","2"
"2283","3"
"2284","4"
"2285","5"
"2286","7"
"2287","7"
"2288","8"
"2289","9"
"2290","10"
"2291","1"
"2292","2"
"2293","5"
"2294","4"
"2295","5"
"2296","7"
"2297","1"
"2298","2"
"2299","5"
"2300","4"
"2301","5"
"2302","6"
"2303","7"
"2304","8"
"2305","9"
"2306","10"
"2307","1"
"2308","2"
"2309","5"
"2310","4"
"2311","5"
"2312","7"
"2313","7"
"2314","8"
"2315","9"
"2316","10"
"2317","1"
"2318","2"
"2319","5"
"2320","4"
"2321","5"
"2322","7"
"2323","7"
"2324","8"
"2325","9"
"2326","10"
"2327","4"
"2328","5"
"2329","7"
"2330","7"
"2331","8"
"2332","9"
"2333","10"
"2334","1"
"2335","2"
"2336","5"
"2337","4"
"2338","5"
"2339","6"
"2340","7"
"2341","8"
"2342","9"
"2343","10"
"2344","1"
"2345","2"
"2346","5"
"2347","4"
"2348","5"
"2349","6"
"2350","1"
"2351","2"
"2352","5"
"2353","4"
"2354","5"
"2355","6"
"2356","7"
"2357","8"
"2358","9"
"2359","10"
"2360","1"
"2361","2"
"2362","3"
"2363","4"
"2364","5"
"2365","6"
"2366","7"
"2367","8"
"2368","9"
"2369","10"
"2370","1"
"2371","2"
"2372","3"
"2373","4"
"2374","5"
"2375","6"
"2376","7"
"2377","8"
"2378","9"
"2379","10"
"2380","4"
"2381","5"
"2382","6"
"2383","7"
"2384","8"
"2385","9"
"2386","10"
"2387","1"
"2388","2"
"2389","3"
"2390","4"
"2391","5"
"2392","6"
"2393","7"
"2394","8"
"2395","9"
"2396","10"
"2397","1"
"2398","2"
"2399","3"
"2400","4"
"2401","5"
"2402","7"
"2403","1"
"2404","2"
"2405","3"
"2406","4"
"2407","5"
"2408","7"
"2409","7"
"2410","8"
"2411","9"
"2412","10"
"2413","1"
"2414","2"
"2415","3"
"2416","4"
"2417","5"
"2418","7"
"2419","7"
"2420","8"
"2421","9"
"2422","10"
"2423","1"
"2424","2"
"2425","3"
"2426","4"
"2427","5"
"2428","7"
"2429","7"
"2430","8"
"2431","9"
"2432","10"
"2433","4"
"2434","5"
"2435","7"
"2436","7"
"2437","8"
"2438","9"
"2439","10"
"2440","1"
"2441","2"
"2442","3"
"2443","4"
"2444","5"
"2445","7"
"2446","7"
"2447","8"
"2448","9"
"2449","10"
"2450","1"
"2451","2"
"2452","3"
"2453","4"
"2454","5"
"2455","6"
"2456","1"
"2457","2"
"2458","3"
"2459","4"
"2460","5"
"2461","6"
"2462","7"
"2463","8"
"2464","9"
"2465","10"
"2466","1"
"2467","2"
"2468","3"
"2469","4"
"2470","5"
"2471","6"
"2472","7"
"2473","8"
"2474","9"
"2475","10"
"2476","1"
"2477","2"
"2478","3"
"2479","4"
"2480","5"
"2481","6"
"2482","7"
"2483","8"
"2484","9"
"2485","10"
"2486","4"
"2487","5"
"2488","6"
"2489","7"
"2490","8"
"2491","9"
"2492","10"
"2493","1"
"2494","2"
"2495","5"
"2496","4"
"2497","5"
"2498","6"
"2499","7"
"2500","8"
"2501","9"
"2502","10"
"2503","1"
"2504","2"
"2505","5"
"2506","4"
"2507","5"
"2508","7"
"2509","1"
"2510","2"
"2511","5"
"2512","4"
"2513","5"
"2514","7"
"2515","7"
"2516","8"
"2517","9"
"2518","10"
"2519","1"
"2520","2"
"2521","5"
"2522","4"
"2523","5"
"2524","6"
"2525","7"
"2526","8"
"2527","9"
"2528","10"
"2529","1"
"2530","2"
"2531","3"
"2532","4"
"2533","5"
"2534","6"
"2535","7"
"2536","8"
"2537","9"
"2538","10"
"2539","4"
"2540","5"
"2541","7"
"2542","7"
"2543","8"
"2544","9"
"2545","10"
"2546","1"
"2547","2"
"2548","3"
"2549","4"
"2550","5"
"2551","7"
"2552","7"
"2553","8"
"2554","9"
"2555","10"
"2556","1"
"2557","2"
"2558","3"
"2559","4"
"2560","5"
"2561","7"
"2562","1"
"2563","2"
"2564","3"
"2565","4"
"2566","5"
"2567","7"
"2568","7"
"2569","8"
"2570","9"
"2571","10"
"2572","1"
"2573","2"
"2574","3"
"2575","4"
"2576","5"
"2577","6"
"2578","7"
"2579","8"
"2580","9"
"2581","10"
"2582","1"
"2583","1"
"2584","3"
"2585","4"
"2586","5"
"2587","6"
"2588","7"
"2589","8"
"2590","9"
"2591","10"
"2592","4"
"2593","5"
"2594","6"
"2595","7"
"2596","8"
"2597","9"
"2598","10"
"2599","1"
"2600","1"
"2601","3"
"2602","4"
"2603","5"
"2604","6"
"2605","7"
"2606","8"
"2607","9"
"2608","10"
"2609","1"
"2610","2"
"2611","3"
"2612","4"
"2613","5"
"2614","6"
"2615","1"
"2616","2"
"2617","3"
"2618","4"
"2619","5"
"2620","6"
"2621","7"
"2622","8"
"2623","9"
"2624","10"
"2625","1"
"2626","1"
"2627","5"
"2628","4"
"2629","5"
"2630","6"
"2631","7"
"2632","8"
"2633","9"
"2634","10"
"2635","1"
"2636","1"
"2637","5"
"2638","4"
"2639","5"
"2640","6"
"2641","7"
"2642","8"
"2643","9"
"2644","10"
"2645","4"
"2646","5"
"2647","6"
"2648","7"
"2649","8"
"2650","9"
"2651","10"
"2652","1"
"2653","2"
"2654","5"
"2655","4"
"2656","5"
"2657","6"
"2658","7"
"2659","8"
"2660","9"
"2661","10"
"2662","1"
"2663","2"
"2664","5"
"2665","4"
"2666","5"
"2667","6"
"2668","1"
"2669","1"
"2670","3"
"2671","4"
"2672","5"
"2673","6"
"2674","7"
"2675","8"
"2676","9"
"2677","10"
"2678","1"
"2679","1"
"2680","3"
"2681","4"
"2682","5"
"2683","6"
"2684","7"
"2685","8"
"2686","9"
"2687","10"
"2688","1"
"2689","1"
"2690","3"
"2691","4"
"2692","5"
"2693","6"
"2694","7"
"2695","8"
"2696","9"
"2697","10"
"2698","4"
"2699","5"
"2700","6"
"2701","7"
"2702","7"
"2703","9"
"2704","10"
"2705","1"
"2706","1"
"2707","3"
"2708","4"
"2709","5"
"2710","6"
"2711","7"
"2712","7"
"2713","9"
"2714","10"
"2715","1"
"2716","2"
"2717","3"
"2718","4"
"2719","5"
"2720","6"
"2721","1"
"2722","2"
"2723","3"
"2724","4"
"2725","5"
"2726","6"
"2727","7"
"2728","7"
"2729","9"
"2730","10"
"2731","1"
"2732","2"
"2733","3"
"2734","4"
"2735","5"
"2736","6"
"2737","7"
"2738","7"
"2739","9"
"2740","10"
"2741","1"
"2742","2"
"2743","3"
"2744","4"
"2745","5"
"2746","6"
"2747","7"
"2748","7"
"2749","9"
"2750","10"
"2751","4"
"2752","5"
"2753","6"
"2754","7"
"2755","7"
"2756","9"
"2757","10"
"2758","1"
"2759","1"
"2760","3"
"2761","4"
"2762","5"
"2763","6"
"2764","7"
"2765","7"
"2766","9"
"2767","10"
"2768","1"
"2769","1"
"2770","3"
"2771","4"
"2772","5"
"2773","6"
"2774","1"
"2775","1"
"2776","3"
"2777","4"
"2778","5"
"2779","6"
"2780","7"
"2781","7"
"2782","9"
"2783","10"
"2784","1"
"2785","2"
"2786","3"
"2787","4"
"2788","5"
"2789","6"
"2790","7"
"2791","7"
"2792","9"
"2793","10"
"2794","1"
"2795","2"
"2796","3"
"2797","4"
"2798","5"
"2799","6"
"2800","7"
"2801","7"
"2802","9"
"2803","10"
"2804","4"
"2805","5"
"2806","6"
"2807","7"
"2808","7"
"2809","9"
"2810","10"
"2811","1"
"2812","1"
"2813","3"
"2814","4"
"2815","5"
"2816","6"
"2817","7"
"2818","8"
"2819","9"
"2820","10"
"2821","1"
"2822","1"
"2823","3"
"2824","4"
"2825","5"
"2826","6"
"2827","1"
"2828","2"
"2829","3"
"2830","4"
"2831","5"
"2832","6"
"2833","7"
"2834","8"
"2835","9"
"2836","10"
"2837","1"
"2838","2"
"2839","3"
"2840","4"
"2841","5"
"2842","6"
"2843","7"
"2844","8"
"2845","9"
"2846","10"
"2847","1"
"2848","1"
"2849","3"
"2850","4"
"2851","5"
"2852","6"
"2853","7"
"2854","8"
"2855","9"
"2856","10"
"2857","4"
"2858","5"
"2859","6"
"2860","7"
"2861","8"
"2862","9"
"2863","10"
"2864","1"
"2865","1"
"2866","3"
"2867","4"
"2868","5"
"2869","6"
"2870","7"
"2871","8"
"2872","9"
"2873","10"
"2874","1"
"2875","2"
"2876","3"
"2877","4"
"2878","5"
"2879","6"
"2880","1"
"2881","2"
"2882","3"
"2883","4"
"2884","5"
"2885","6"
"2886","7"
"2887","8"
"2888","9"
"2889","10"
"2890","1"
"2891","1"
"2892","3"
"2893","4"
"2894","5"
"2895","6"
"2896","7"
"2897","8"
"2898","9"
"2899","10"
"2900","1"
"2901","1"
"2902","3"
"2903","4"
"2904","5"
"2905","6"
"2906","7"
"2907","7"
"2908","9"
"2909","10"
"2910","4"
"2911","5"
"2912","6"
"2913","7"
"2914","7"
"2915","9"
"2916","10"
"2917","1"
"2918","2"
"2919","3"
"2920","4"
"2921","5"
"2922","6"
"2923","7"
"2924","8"
"2925","9"
"2926","3"
"2927","1"
"2928","2"
"2929","3"
"2930","4"
"2931","5"
"2932","6"
"2933","1"
"2934","2"
"2935","3"
"2936","4"
"2937","5"
"2938","6"
"2939","7"
"2940","8"
"2941","9"
"2942","3"
"2943","1"
"2944","2"
"2945","3"
"2946","4"
"2947","5"
"2948","6"
"2949","7"
"2950","7"
"2951","9"
"2952","3"
"2953","1"
"2954","2"
"2955","3"
"2956","4"
"2957","5"
"2958","6"
"2959","7"
"2960","7"
"2961","9"
"2962","3"
"2963","4"
"2964","5"
"2965","6"
"2966","7"
"2967","8"
"2968","9"
"2969","10"
"2970","1"
"2971","2"
"2972","3"
"2973","4"
"2974","5"
"2975","6"
"2976","7"
"2977","8"
"2978","9"
"2979","10"
"2980","1"
"2981","2"
"2982","3"
"2983","4"
"2984","5"
"2985","6"
"2986","1"
"2987","2"
"2988","3"
"2989","4"
"2990","5"
"2991","6"
"2992","7"
"2993","8"
"2994","9"
"2995","10"
"2996","1"
"2997","2"
"2998","3"
"2999","4"
"3000","5"
"3001","6"
"3002","7"
"3003","8"
"3004","9"
"3005","10"
"3006","1"
"3007","2"
"3008","3"
"3009","4"
"3010","5"
"3011","6"
"3012","7"
"3013","7"
"3014","9"
"3015","10"
"3016","4"
"3017","5"
"3018","6"
"3019","7"
"3020","7"
"3021","9"
"3022","10"
"3023","1"
"3024","2"
"3025","3"
"3026","4"
"3027","5"
"3028","6"
"3029","7"
"3030","7"
"3031","9"
"3032","10"
"3033","1"
"3034","2"
"3035","3"
"3036","4"
"3037","5"
"3038","6"
"3039","1"
"3040","2"
"3041","3"
"3042","4"
"3043","5"
"3044","6"
"3045","7"
"3046","7"
"3047","9"
"3048","10"
"3049","1"
"3050","2"
"3051","3"
"3052","4"
"3053","5"
"3054","6"
"3055","7"
"3056","7"
"3057","9"
"3058","10"
"3059","1"
"3060","2"
"3061","3"
"3062","4"
"3063","5"
"3064","6"
"3065","7"
"3066","7"
"3067","9"
"3068","10"
"3069","4"
"3070","5"
"3071","6"
"3072","7"
"3073","7"
"3074","9"
"3075","10"
"3076","1"
"3077","2"
"3078","3"
"3079","4"
"3080","5"
"3081","6"
"3082","7"
"3083","7"
"3084","9"
"3085","1"
"3086","2"
"3087","3"
"3088","4"
"3089","5"
"3090","6"
"3091","7"
"3092","8"
"3093","9"
"3094","10"
"3095","1"
"3096","2"
"3097","5"
"3098","4"
"3099","5"
"3100","7"
"3101","7"
"3102","8"
"3103","9"
"3104","10"
"3105","1"
"3106","2"
"3107","5"
"3108","4"
"3109","5"
"3110","7"
"3111","7"
"3112","8"
"3113","9"
"3114","10"
"3115","4"
"3116","5"
"3117","6"
"3118","7"
"3119","8"
"3120","9"
"3121","10"
"3122","1"
"3123","2"
"3124","5"
"3125","4"
"3126","5"
"3127","6"
"3128","7"
"3129","8"
"3130","9"
"3131","10"
"3132","1"
"3133","2"
"3134","3"
"3135","4"
"3136","5"
"3137","7"
"3138","1"
"3139","2"
"3140","3"
"3141","4"
"3142","5"
"3143","7"
"3144","7"
"3145","8"
"3146","9"
"3147","10"
"3148","1"
"3149","2"
"3150","3"
"3151","4"
"3152","5"
"3153","7"
"3154","7"
"3155","8"
"3156","9"
"3157","10"
"3158","1"
"3159","2"
"3160","3"
"3161","4"
"3162","5"
"3163","6"
"3164","7"
"3165","8"
"3166","9"
"3167","10"
"3168","4"
"3169","5"
"3170","6"
"3171","7"
"3172","8"
"3173","9"
"3174","10"
"3175","1"
"3176","2"
"3177","3"
"3178","4"
"3179","5"
"3180","7"
"3181","7"
"3182","8"
"3183","9"
"3184","10"
"3185","1"
"3186","2"
"3187","5"
"3188","4"
"3189","5"
"3190","7"
"3191","1"
"3192","2"
"3193","5"
"3194","4"
"3195","5"
"3196","7"
"3197","7"
"3198","8"
"3199","9"
"3200","10"
"3201","1"
"3202","2"
"3203","5"
"3204","4"
"3205","5"
"3206","7"
"3207","7"
"3208","8"
"3209","9"
"3210","10"
"3211","1"
"3212","2"
"3213","5"
"3214","4"
"3215","5"
"3216","6"
"3217","7"
"3218","8"
"3219","9"
"3220","10"
"3221","4"
"3222","5"
"3223","6"
"3224","7"
"3225","8"
"3226","9"
"3227","10"
"3228","1"
"3229","2"
"3230","5"
"3231","4"
"3232","5"
"3233","7"
"3234","7"
"3235","8"
"3236","9"
"3237","10"
"3238","1"
"3239","2"
"3240","5"
"3241","4"
"3242","5"
"3243","7"
"3244","1"
"3245","2"
"3246","5"
"3247","4"
"3248","5"
"3249","7"
"3250","7"
"3251","8"
"3252","9"
"3253","10"
"3254","1"
"3255","2"
"3256","3"
"3257","4"
"3258","5"
"3259","7"
"3260","7"
"3261","8"
"3262","9"
"3263","10"
"3264","1"
"3265","2"
"3266","3"
"3267","4"
"3268","5"
"3269","6"
"3270","7"
"3271","8"
"3272","9"
"3273","10"
"3274","4"
"3275","5"
"3276","7"
"3277","7"
"3278","8"
"3279","9"
"3280","10"
"3281","1"
"3282","2"
"3283","3"
"3284","4"
"3285","5"
"3286","7"
"3287","7"
"3288","8"
"3289","9"
"3290","10"
"3291","1"
"3292","2"
"3293","5"
"3294","4"
"3295","5"
"3296","7"
"3297","1"
"3298","2"
"3299","5"
"3300","4"
"3301","5"
"3302","6"
"3303","7"
"3304","8"
"3305","9"
"3306","10"
"3307","1"
"3308","2"
"3309","5"
"3310","4"
"3311","5"
"3312","7"
"3313","7"
"3314","8"
"3315","9"
"3316","10"
"3317","1"
"3318","2"
"3319","5"
"3320","4"
"3321","5"
"3322","7"
"3323","7"
"3324","8"
"3325","9"
"3326","10"
"3327","4"
"3328","5"
"3329","7"
"3330","7"
"3331","8"
"3332","9"
"3333","10"
"3334","1"
"3335","2"
"3336","5"
"3337","4"
"3338","5"
"3339","6"
"3340","7"
"3341","8"
"3342","9"
"3343","10"
"3344","1"
"3345","2"
"3346","5"
"3347","4"
"3348","5"
"3349","6"
"3350","1"
"3351","2"
"3352","5"
"3353","4"
"3354","5"
"3355","6"
"3356","7"
"3357","8"
"3358","9"
"3359","10"
"3360","1"
"3361","2"
"3362","3"
"3363","4"
"3364","5"
"3365","6"
"3366","7"
"3367","8"
"3368","9"
"3369","10"
"3370","1"
"3371","2"
"3372","3"
"3373","4"
"3374","5"
"3375","6"
"3376","7"
"3377","8"
"3378","9"
"3379","10"
"3380","4"
"3381","5"
"3382","6"
"3383","7"
"3384","8"
"3385","9"
"3386","10"
"3387","1"
"3388","2"
"3389","3"
"3390","4"
"3391","5"
"3392","6"
"3393","7"
"3394","8"
"3395","9"
"3396","10"
"3397","1"
"3398","2"
"3399","3"
"3400","4"
"3401","5"
"3402","7"
"3403","1"
"3404","2"
"3405","3"
"3406","4"
"3407","5"
"3408","7"
"3409","7"
"3410","8"
"3411","9"
"3412","10"
"3413","1"
"3414","2"
"3415","3"
"3416","4"
"3417","5"
"3418","7"
"3419","7"
"3420","8"
"3421","9"
"3422","10"
"3423","1"
"3424","2"
"3425","3"
"3426","4"
"3427","5"
"3428","7"
"3429","7"
"3430","8"
"3431","9"
"3432","10"
"3433","4"
"3434","5"
"3435","7"
"3436","7"
"3437","8"
"3438","9"
"3439","10"
"3440","1"
"3441","2"
"3442","3"
"3443","4"
"3444","5"
"3445","7"
"3446","7"
"3447","8"
"3448","9"
"3449","10"
"3450","1"
"3451","2"
"3452","3"
"3453","4"
"3454","5"
"3455","6"
"3456","1"
"3457","2"
"3458","3"
"3459","4"
"3460","5"
"3461","6"
"3462","7"
"3463","8"
"3464","9"
"3465","10"
"3466","1"
"3467","2"
"3468","3"
"3469","4"
"3470","5"
"3471","6"
"3472","7"
"3473","8"
"3474","9"
"3475","10"
"3476","1"
"3477","2"
"3478","3"
"3479","4"
"3480","5"
"3481","6"
"3482","7"
"3483","8"
"3484","9"
"3485","10"
"3486","4"
"3487","5"
"3488","6"
"3489","7"
"3490","8"
"3491","9"
"3492","10"
"3493","1"
"3494","2"
"3495","5"
"3496","4"
"3497","5"
"3498","6"
"3499","7"
"3500","8"
"3501","9"
"3502","10"
"3503","1"
"3504","2"
"3505","5"
"3506","4"
"3507","5"
"3508","7"
"3509","1"
"3510","2"
"3511","5"
"3512","4"
"3513","5"
"3514","7"
"3515","7"
"3516","8"
"3517","9"
"3518","10"
"3519","1"
"3520","2"
"3521","5"
"3522","4"
"3523","5"
"3524","6"
"3525","7"
"3526","8"
"3527","9"
"3528","10"
"3529","1"
"3530","2"
"3531","3"
"3532","4"
"3533","5"
"3534","6"
"3535","7"
"3536","8"
"3537","9"
"3538","10"
"3539","4"
"3540","5"
"3541","7"
"3542","7"
"3543","8"
"3544","9"
"3545","10"
"3546","1"
"3547","2"
"3548","3"
"3549","4"
"3550","5"
"3551","7"
"3552","7"
"3553","8"
"3554","9"
"3555","10"
"3556","1"
"3557","2"
"3558","3"
"3559","4"
"3560","5"
"3561","7"
"3562","1"
"3563","2"
"3564","3"
"3565","4"
"3566","5"
"3567","7"
"3568","7"
"3569","8"
"3570","9"
"3571","10"
"3572","1"
"3573","2"
"3574","3"
"3575","4"
"3576","5"
"3577","6"
"3578","7"
"3579","8"
"3580","9"
"3581","10"
"3582","1"
"3583","1"
"3584","3"
"3585","4"
"3586","5"
"3587","6"
"3588","7"
"3589","8"
"3590","9"
"3591","10"
"3592","4"
"3593","5"
"3594","6"
"3595","7"
"3596","8"
"3597","9"
"3598","10"
"3599","1"
"3600","1"
"3601","3"
"3602","4"
"3603","5"
"3604","6"
"3605","7"
"3606","8"
"3607","9"
"3608","10"
"3609","1"
"3610","2"
"3611","3"
"3612","4"
"3613","5"
"3614","6"
"3615","1"
"3616","2"
"3617","3"
"3618","4"
"3619","5"
"3620","6"
"3621","7"
"3622","8"
"3623","9"
"3624","10"
"3625","1"
"3626","1"
"3627","5"
"3628","4"
"3629","5"
"3630","6"
"3631","7"
"3632","8"
"3633","9"
"3634","10"
"3635","1"
"3636","1"
"3637","5"
"3638","4"
"3639","5"
"3640","6"
"3641","7"
"3642","8"
"3643","9"
"3644","10"
"3645","4"
"3646","5"
"3647","6"
"3648","7"
"3649","8"
"3650","9"
"3651","10"
"3652","1"
"3653","2"
"3654","5"
"3655","4"
"3656","5"
"3657","6"
"3658","7"
"3659","8"
"3660","9"
"3661","10"
"3662","1"
"3663","2"
"3664","5"
"3665","4"
"3666","5"
"3667","6"
"3668","1"
"3669","1"
"3670","3"
"3671","4"
"3672","5"
"3673","6"
"3674","7"
"3675","8"
"3676","9"
"3677","10"
"3678","1"
"3679","1"
"3680","3"
"3681","4"
"3682","5"
"3683","6"
"3684","7"
"3685","8"
"3686","9"
"3687","10"
"3688","1"
"3689","1"
"3690","3"
"3691","4"
"3692","5"
"3693","6"
"3694","7"
"3695","8"
"3696","9"
"3697","10"
"3698","4"
"3699","5"
"3700","6"
"3701","7"
"3702","7"
"3703","9"
"3704","10"
"3705","1"
"3706","1"
"3707","3"
"3708","4"
"3709","5"
"3710","6"
"3711","7"
"3712","7"
"3713","9"
"3714","10"
"3715","1"
"3716","2"
"3717","3"
"3718","4"
"3719","5"
"3720","6"
"3721","1"
"3722","2"
"3723","3"
"3724","4"
"3725","5"
"3726","6"
"3727","7"
"3728","7"
"3729","9"
"3730","10"
"3731","1"
"3732","2"
"3733","3"
"3734","4"
"3735","5"
"3736","6"
"3737","7"
"3738","7"
"3739","9"
"3740","10"
"3741","1"
"3742","2"
"3743","3"
"3744","4"
"3745","5"
"3746","6"
"3747","7"
"3748","7"
"3749","9"
"3750","10"
"3751","4"
"3752","5"
"3753","6"
"3754","7"
"3755","7"
"3756","9"
"3757","10"
"3758","1"
"3759","1"
"3760","3"
"3761","4"
"3762","5"
"3763","6"
"3764","7"
"3765","7"
"3766","9"
"3767","10"
"3768","1"
"3769","1"
"3770","3"
"3771","4"
"3772","5"
"3773","6"
"3774","1"
"3775","1"
"3776","3"
"3777","4"
"3778","5"
"3779","6"
"3780","7"
"3781","7"
"3782","9"
"3783","10"
"3784","1"
"3785","2"
"3786","3"
"3787","4"
"3788","5"
"3789","6"
"3790","7"
"3791","7"
"3792","9"
"3793","10"
"3794","1"
"3795","2"
"3796","3"
"3797","4"
"3798","5"
"3799","6"
"3800","7"
"3801","7"
"3802","9"
"3803","10"
"3804","4"
"3805","5"
"3806","6"
"3807","7"
"3808","7"
"3809","9"
"3810","10"
"3811","1"
"3812","1"
"3813","3"
"3814","4"
"3815","5"
"3816","6"
"3817","7"
"3818","8"
"3819","9"
"3820","10"
"3821","1"
"3822","1"
"3823","3"
"3824","4"
"3825","5"
"3826","6"
"3827","1"
"3828","2"
"3829","3"
"3830","4"
"3831","5"
"3832","6"
"3833","7"
"3834","8"
"3835","9"
"3836","10"
"3837","1"
"3838","2"
"3839","3"
"3840","4"
"3841","5"
"3842","6"
"3843","7"
"3844","8"
"3845","9"
"3846","10"
"3847","1"
"3848","1"
"3849","3"
"3850","4"
"3851","5"
"3852","6"
"3853","7"
"3854","8"
"3855","9"
"3856","10"
"3857","4"
"3858","5"
"3859","6"
"3860","7"
"3861","8"
"3862","9"
"3863","10"
"3864","1"
"3865","1"
"3866","3"
"3867","4"
"3868","5"
"3869","6"
"3870","7"
"3871","8"
"3872","9"
"3873","10"
"3874","1"
"3875","2"
"3876","3"
"3877","4"
"3878","5"
"3879","6"
"3880","1"
"3881","2"
"3882","3"
"3883","4"
"3884","5"
"3885","6"
"3886","7"
"3887","8"
"3888","9"
"3889","10"
"3890","1"
"3891","1"
"3892","3"
"3893","4"
"3894","5"
"3895","6"
"3896","7"
"3897","8"
"3898","9"
"3899","10"
"3900","1"
"3901","1"
"3902","3"
"3903","4"
"3904","5"
"3905","6"
"3906","7"
"3907","7"
"3908","9"
"3909","10"
"3910","4"
"3911","5"
"3912","6"
"3913","7"
"3914","7"
"3915","9"
"3916","10"
"3917","1"
"3918","2"
"3919","3"
"3920","4"
"3921","5"
"3922","6"
"3923","7"
"3924","8"
"3925","9"
"3926","3"
"3927","1"
"3928","2"
"3929","3"
"3930","4"
"3931","5"
"3932","6"
"3933","1"
"3934","2"
"3935","3"
"3936","4"
"3937","5"
"3938","6"
"3939","7"
"3940","8"
"3941","9"
"3942","3"
"3943","1"
"3944","2"
"3945","3"
"3946","4"
"3947","5"
"3948","6"
"3949","7"
"3950","7"
"3951","9"
"3952","3"
"3953","1"
"3954","2"
"3955","3"
"3956","4"
"3957","5"
"3958","6"
"3959","7"
"3960","7"
"3961","9"
"3962","3"
"3963","4"
"3964","5"
"3965","6"
"3966","7"
"3967","8"
"3968","9"
"3969","10"
"3970","1"
"3971","2"
"3972","3"
"3973","4"
"3974","5"
"3975","6"
"3976","7"
"3977","8"
"3978","9"
"3979","10"
"3980","1"
"3981","2"
"3982","3"
"3983","4"
"3984","5"
"3985","6"
"3986","1"
"3987","2"
"3988","3"
"3989","4"
"3990","5"
"3991","6"
"3992","7"
"3993","8"
"3994","9"
"3995","10"
"3996","1"
"3997","2"
"3998","3"
"3999","4"
"4000","5"
"4001","6"
"4002","7"
"4003","8"
"4004","9"
"4005","10"
"4006","1"
"4007","2"
"4008","3"
"4009","4"
"4010","5"
"4011","6"
"4012","7"
"4013","7"
"4014","9"
"4015","10"
"4016","4"
"4017","5"
"4018","6"
"4019","7"
"4020","7"
"4021","9"
"4022","10"
"4023","1"
"4024","2"
"4025","3"
"4026","4"
"4027","5"
"4028","6"
"4029","7"
"4030","7"
"4031","9"
"4032","10"
"4033","1"
"4034","2"
"4035","3"
"4036","4"
"4037","5"
"4038","6"
"4039","1"
"4040","2"
"4041","3"
"4042","4"
"4043","5"
"4044","6"
"4045","7"
"4046","7"
"4047","9"
"4048","10"
"4049","1"
"4050","2"
"4051","3"
"4052","4"
"4053","5"
"4054","6"
"4055","7"
"4056","7"
"4057","9"
"4058","10"
"4059","1"
"4060","2"
"4061","3"
"4062","4"
"4063","5"
"4064","6"
"4065","7"
"4066","7"
"4067","9"
"4068","10"
"4069","4"
"4070","5"
"4071","6"
"4072","7"
"4073","7"
"4074","9"
"4075","10"
"4076","1"
"4077","2"
"4078","3"
"4079","4"
"4080","5"
"4081","6"
"4082","7"
"4083","7"
"4084","9"
"4085","2"
"4086","3"
"4087","4"
"4088","5"
"4089","6"
"4090","7"
"4091","7"
"4092","9"
"4093","10"
"4094","1"
"4095","2"
"4096","3"
"4097","4"
"4098","5"
"4099","6"
"4100","1"
"4101","2"
"4102","3"
"4103","4"
"4104","5"
"4105","6"
"4106","7"
"4107","7"
"4108","9"
"4109","10"
"4110","1"
"4111","2"
"4112","3"
"4113","4"
"4114","5"
"4115","6"
"4116","7"
"4117","7"
"4118","9"
"4119","10"
"4120","1"
"4121","2"
"4122","3"
"4123","4"
"4124","5"
"4125","6"
"4126","7"
"4127","7"
"4128","9"
"4129","10"
"4130","4"
"4131","5"
"4132","6"
"4133","7"
"4134","7"
"4135","9"
"4136","10"
"4137","1"
"4138","2"
"4139","3"
"4140","4"
"4141","5"
"4142","6"
"4143","7"
"4144","7"
"4145","9"
"4146","1"
"4147","2"
"4148","3"
"4149","4"
"4150","5"
"4151","6"
"4152","7"
"4153","8"
"4154","9"
"4155","10"
"4156","1"
"4157","2"
"4158","5"
"4159","4"
"4160","5"
"4161","7"
"4162","7"
"4163","8"
"4164","9"
"4165","10"
"4166","1"
"4167","2"
"4168","5"
"4169","1"
"4170","2"
"4171","3"
"4172","4"
"4173","5"
"4174","6"
"4175","7"
"4176","8"
"4177","9"
"4178","10"
"4179","1"
"4180","2"
"4181","5"
"4182","4"
"4183","5"
"4184","7"
"4185","7"
"4186","8"
"4187","9"
"4188","10"
"4189","1"
"4190","2"
"4191","5"
"4192","4"
"4193","5"
"4194","7"
"4195","7"
"4196","8"
"4197","9"
"4198","10"
"4199","4"
"4200","5"
"4201","6"
"4202","7"
"4203","8"
"4204","9"
"4205","10"
"4206","1"
"4207","2"
"4208","5"
"4209","4"
"4210","5"
"4211","6"
"4212","7"
"4213","8"
"4214","9"
"4215","10"
"4216","1"
"4217","2"
"4218","3"
"4219","4"
"4220","5"
"4221","7"
"4222","1"
"4223","2"
"4224","3"
"4225","4"
"4226","5"
"4227","7"
"4228","7"
"4229","8"
"4230","9"
"4231","10"
"4232","1"
"4233","2"
"4234","3"
"4235","4"
"4236","5"
"4237","7"
"4238","7"
"4239","8"
"4240","9"
"4241","10"
"4242","1"
"4243","2"
"4244","3"
"4245","4"
"4246","5"
"4247","6"
"4248","7"
"4249","8"
"4250","9"
"4251","10"
"4252","4"
"4253","5"
"4254","6"
"4255","7"
"4256","8"
"4257","9"
"4258","10"
"4259","1"
"4260","2"
"4261","3"
"4262","4"
"4263","5"
"4264","7"
"4265","7"
"4266","8"
"4267","9"
"4268","10"
"4269","1"
"4270","2"
"4271","5"
"4272","4"
"4273","5"
"4274","7"
"4275","1"
"4276","2"
"4277","5"
"4278","4"
"4279","5"
"4280","7"
"4281","7"
"4282","8"
"4283","9"
"4284","10"
"4285","1"
"4286","2"
"4287","5"
"4288","4"
"4289","5"
"4290","7"
"4291","7"
"4292","8"
"4293","9"
"4294","10"
"4295","1"
"4296","2"
"4297","5"
"4298","4"
"4299","5"
"4300","6"
"4301","7"
"4302","8"
"4303","9"
"4304","10"
"4305","4"
"4306","5"
"4307","6"
"4308","7"
"4309","8"
"4310","9"
"4311","10"
"4312","1"
"4313","2"
"4314","5"
"4315","4"
"4316","5"
"4317","7"
"4318","7"
"4319","8"
"4320","9"
"4321","10"
"4322","1"
"4323","2"
"4324","5"
"4325","4"
"4326","5"
"4327","7"
"4328","1"
"4329","2"
"4330","5"
"4331","4"
"4332","5"
"4333","7"
"4334","7"
"4335","8"
"4336","9"
"4337","10"
"4338","1"
"4339","2"
"4340","3"
"4341","4"
"4342","5"
"4343","7"
"4344","7"
"4345","8"
"4346","9"
"4347","10"
"4348","1"
"4349","2"
"4350","3"
"4351","4"
"4352","5"
"4353","6"
"4354","7"
"4355","8"
"4356","9"
"4357","10"
"4358","4"
"4359","5"
"4360","7"
"4361","7"
"4362","8"
"4363","9"
"4364","10"
"4365","1"
"4366","2"
"4367","3"
"4368","4"
"4369","5"
"4370","7"
"4371","7"
"4372","8"
"4373","9"
"4374","10"
"4375","1"
"4376","2"
"4377","5"
"4378","4"
"4379","5"
"4380","7"
"4381","1"
"4382","2"
"4383","5"
"4384","4"
"4385","5"
"4386","6"
"4387","7"
"4388","8"
"4389","9"
"4390","10"
"4391","1"
"4392","2"
"4393","5"
"4394","4"
"4395","5"
"4396","7"
"4397","7"
"4398","8"
"4399","9"
"4400","10"
"4401","1"
"4402","2"
"4403","5"
"4404","4"
"4405","5"
"4406","7"
"4407","7"
"4408","8"
"4409","9"
"4410","10"
"4411","4"
"4412","5"
"4413","7"
"4414","7"
"4415","8"
"4416","9"
"4417","10"
"4418","1"
"4419","2"
"4420","5"
"4421","4"
"4422","5"
"4423","6"
"4424","7"
"4425","8"
"4426","9"
"4427","10"
"4428","1"
"4429","2"
"4430","5"
"4431","4"
"4432","5"
"4433","6"
"4434","1"
"4435","2"
"4436","5"
"4437","4"
"4438","5"
"4439","6"
"4440","7"
"4441","8"
"4442","9"
"4443","10"
"4444","1"
"4445","2"
"4446","3"
"4447","4"
"4448","5"
"4449","6"
"4450","7"
"4451","8"
"4452","9"
"4453","10"
"4454","1"
"4455","2"
"4456","3"
"4457","4"
"4458","5"
"4459","6"
"4460","7"
"4461","8"
"4462","9"
"4463","10"
"4464","4"
"4465","5"
"4466","6"
"4467","7"
"4468","8"
"4469","9"
"4470","10"
"4471","1"
"4472","2"
"4473","3"
"4474","4"
"4475","5"
"4476","6"
"4477","7"
"4478","8"
"4479","9"
"4480","10"
"4481","1"
"4482","2"
"4483","3"
"4484","4"
"4485","5"
"4486","7"
"4487","1"
"4488","2"
"4489","3"
"4490","4"
"4491","5"
"4492","7"
"4493","7"
"4494","8"
"4495","9"
"4496","10"
"4497","1"
"4498","2"
"4499","3"
"4500","4"
"4501","5"
"4502","7"
"4503","7"
"4504","8"
"4505","9"
"4506","10"
"4507","1"
"4508","2"
"4509","3"
"4510","4"
"4511","5"
"4512","7"
"4513","7"
"4514","8"
"4515","9"
"4516","10"
"4517","4"
"4518","5"
"4519","7"
"4520","7"
"4521","8"
"4522","9"
"4523","10"
"4524","1"
"4525","2"
"4526","3"
"4527","4"
"4528","5"
"4529","7"
"4530","7"
"4531","8"
"4532","9"
"4533","10"
"4534","1"
"4535","2"
"4536","3"
"4537","4"
"4538","5"
"4539","6"
"4540","1"
"4541","2"
"4542","3"
"4543","4"
"4544","5"
"4545","6"
"4546","7"
"4547","8"
"4548","9"
"4549","10"
"4550","1"
"4551","2"
"4552","3"
"4553","4"
"4554","5"
"4555","6"
"4556","7"
"4557","8"
"4558","9"
"4559","10"
"4560","1"
"4561","2"
"4562","3"
"4563","4"
"4564","5"
"4565","6"
"4566","7"
"4567","8"
"4568","9"
"4569","10"
"4570","4"
"4571","5"
"4572","6"
"4573","7"
"4574","8"
"4575","9"
"4576","10"
"4577","1"
"4578","2"
"4579","5"
"4580","4"
"4581","5"
"4582","6"
"4583","7"
"4584","8"
"4585","9"
"4586","10"
"4587","1"
"4588","2"
"4589","5"
"4590","4"
"4591","5"
"4592","7"
"4593","1"
"4594","2"
"4595","5"
"4596","4"
"4597","5"
"4598","7"
"4599","7"
"4600","8"
"4601","9"
"4602","10"
"4603","1"
"4604","2"
"4605","5"
"4606","4"
"4607","5"
"4608","6"
"4609","7"
"4610","8"
"4611","9"
"4612","10"
"4613","1"
"4614","2"
"4615","3"
"4616","4"
"4617","5"
"4618","6"
"4619","7"
"4620","8"
"4621","9"
"4622","10"
"4623","4"
"4624","5"
"4625","7"
"4626","7"
"4627","8"
"4628","9"
"4629","10"
"4630","1"
"4631","2"
"4632","3"
"4633","4"
"4634","5"
"4635","7"
"4636","7"
"4637","8"
"4638","9"
"4639","10"
"4640","1"
"4641","2"
"4642","3"
"4643","4"
"4644","5"
"4645","7"
"4646","1"
"4647","2"
"4648","3"
"4649","4"
"4650","5"
"4651","7"
"4652","7"
"4653","8"
"4654","9"
"4655","10"
"4656","1"
"4657","2"
"4658","3"
"4659","4"
"4660","5"
"4661","6"
"4662","7"
"4663","8"
"4664","9"
"4665","10"
"4666","1"
"4667","1"
"4668","3"
"4669","4"
"4670","5"
"4671","6"
"4672","7"
"4673","8"
"4674","9"
"4675","10"
"4676","4"
"4677","5"
"4678","6"
"4679","7"
"4680","8"
"4681","9"
"4682","10"
"4683","1"
"4684","1"
"4685","3"
"4686","4"
"4687","5"
"4688","6"
"4689","7"
"4690","8"
"4691","9"
"4692","10"
"4693","1"
"4694","2"
"4695","3"
"4696","4"
"4697","5"
"4698","6"
"4699","1"
"4700","2"
"4701","3"
"4702","4"
"4703","5"
"4704","6"
"4705","7"
"4706","8"
"4707","9"
"4708","10"
"4709","1"
"4710","1"
"4711","5"
"4712","4"
"4713","5"
"4714","6"
"4715","7"
"4716","8"
"4717","9"
"4718","10"
"4719","1"
"4720","1"
"4721","5"
"4722","4"
"4723","5"
"4724","6"
"4725","7"
"4726","8"
"4727","9"
"4728","10"
"4729","4"
"4730","5"
"4731","6"
"4732","7"
"4733","8"
"4734","9"
"4735","10"
"4736","1"
"4737","2"
"4738","5"
"4739","4"
"4740","5"
"4741","6"
"4742","7"
"4743","8"
"4744","9"
"4745","10"
"4746","1"
"4747","2"
"4748","5"
"4749","4"
"4750","5"
"4751","6"
"4752","1"
"4753","1"
"4754","3"
"4755","4"
"4756","5"
"4757","6"
"4758","7"
"4759","8"
"4760","9"
"4761","10"
"4762","1"
"4763","1"
"4764","3"
"4765","4"
"4766","5"
"4767","6"
"4768","7"
"4769","8"
"4770","9"
"4771","10"
"4772","1"
"4773","1"
"4774","3"
"4775","4"
"4776","5"
"4777","6"
"4778","7"
"4779","8"
"4780","9"
"4781","10"
"4782","4"
"4783","5"
"4784","6"
"4785","7"
"4786","7"
"4787","9"
"4788","10"
"4789","1"
"4790","1"
"4791","3"
"4792","4"
"4793","5"
"4794","6"
"4795","7"
"4796","7"
"4797","9"
"4798","10"
"4799","1"
"4800","2"
"4801","3"
"4802","4"
"4803","5"
"4804","6"
"4805","1"
"4806","2"
"4807","3"
"4808","4"
"4809","5"
"4810","6"
"4811","7"
"4812","7"
"4813","9"
"4814","10"
"4815","1"
"4816","2"
"4817","3"
"4818","4"
"4819","5"
"4820","6"
"4821","7"
"4822","7"
"4823","9"
"4824","10"
"4825","1"
"4826","2"
"4827","3"
"4828","4"
"4829","5"
"4830","6"
"4831","7"
"4832","7"
"4833","9"
"4834","10"
"4835","4"
"4836","5"
"4837","6"
"4838","7"
"4839","7"
"4840","9"
"4841","10"
"4842","1"
"4843","1"
"4844","3"
"4845","4"
"4846","5"
"4847","6"
"4848","7"
"4849","7"
"4850","9"
"4851","10"
"4852","1"
"4853","1"
"4854","3"
"4855","4"
"4856","5"
"4857","6"
"4858","1"
"4859","1"
"4860","3"
"4861","4"
"4862","5"
"4863","6"
"4864","7"
"4865","7"
"4866","9"
"4867","10"
"4868","1"
"4869","2"
"4870","3"
"4871","4"
"4872","5"
"4873","6"
"4874","7"
"4875","7"
"4876","9"
"4877","10"
"4878","1"
"4879","2"
"4880","3"
"4881","4"
"4882","5"
"4883","6"
"4884","7"
"4885","7"
"4886","9"
"4887","10"
"4888","4"
"4889","5"
"4890","6"
"4891","7"
"4892","7"
"4893","9"
"4894","10"
"4895","1"
"4896","1"
"4897","3"
"4898","4"
"4899","5"
"4900","6"
"4901","7"
"4902","8"
"4903","9"
"4904","10"
"4905","1"
"4906","1"
"4907","3"
"4908","4"
"4909","5"
"4910","6"
"4911","1"
"4912","2"
"4913","3"
"4914","4"
"4915","5"
"4916","6"
"4917","7"
"4918","8"
"4919","9"
"4920","10"
"4921","1"
"4922","2"
"4923","3"
"4924","4"
"4925","5"
"4926","6"
"4927","7"
"4928","8"
"4929","9"
"4930","10"
"4931","1"
"4932","1"
"4933","3"
"4934","4"
"4935","5"
"4936","6"
"4937","7"
"4938","8"
"4939","9"
"4940","10"
"4941","4"
"4942","5"
"4943","6"
"4944","7"
"4945","8"
"4946","9"
"4947","10"
"4948","1"
"4949","1"
"4950","3"
"4951","4"
"4952","5"
"4953","6"
"4954","7"
"4955","8"
"4956","9"
"4957","10"
"4958","1"
"4959","2"
"4960","3"
"4961","4"
"4962","5"
"4963","6"
"4964","1"
"4965","2"
"4966","3"
"4967","4"
"4968","5"
"4969","6"
"4970","7"
"4971","8"
"4972","9"
"4973","10"
"4974","1"
"4975","1"
"4976","3"
"4977","4"
"4978","5"
"4979","6"
"4980","7"
"4981","8"
"4982","9"
"4983","10"
"4984","1"
"4985","1"
"4986","3"
"4987","4"
"4988","5"
"4989","6"
"4990","7"
"4991","7"
"4992","9"
"4993","10"
"4994","4"
"4995","5"
"4996","6"
"4997","7"
"4998","7"
"4999","9"
"5000","10"
"5001","1"
"5002","2"
"5003","3"
"5004","4"
"5005","5"
"5006","6"
"5007","7"
"5008","8"
"5009","9"
"5010","3"
"5011","1"
"5012","2"
"5013","3"
"5014","4"
"5015","5"
"5016","6"
"5017","1"
"5018","2"
"5019","3"
"5020","4"
"5021","5"
"5022","6"
"5023","7"
"5024","8"
"5025","9"
"5026","3"
"5027","1"
"5028","2"
"5029","3"
"5030","4"
"5031","5"
"5032","6"
"5033","7"
"5034","7"
"5035","9"
"5036","3"
"5037","1"
"5038","2"
"5039","3"
"5040","4"
"5041","5"
"5042","6"
"5043","7"
"5044","7"
"5045","9"
"5046","3"
"5047","4"
"5048","5"
"5049","6"
"5050","7"
"5051","8"
"5052","9"
"5053","10"
"5054","1"
"5055","2"
"5056","3"
"5057","4"
"5058","5"
"5059","6"
"5060","7"
"5061","8"
"5062","9"
"5063","10"
"5064","1"
"5065","2"
"5066","3"
"5067","4"
"5068","5"
"5069","6"
"5070","1"
"5071","2"
"5072","3"
"5073","4"
"5074","5"
"5075","6"
"5076","7"
"5077","8"
"5078","9"
"5079","10"
"5080","1"
"5081","2"
"5082","3"
"5083","4"
"5084","5"
"5085","6"
"5086","7"
"5087","8"
"5088","9"
"5089","10"
"5090","1"
"5091","2"
"5092","3"
"5093","4"
"5094","5"
"5095","6"
"5096","7"
"5097","7"
"5098","9"
"5099","10"
"5100","4"
"5101","5"
"5102","6"
"5103","7"
"5104","7"
"5105","9"
"5106","10"
"5107","1"
"5108","2"
"5109","3"
"5110","4"
"5111","5"
"5112","6"
"5113","7"
"5114","7"
"5115","9"
"5116","10"
"5117","1"
"5118","2"
"5119","3"
"5120","4"
"5121","5"
"5122","6"
"5123","1"
"5124","2"
"5125","3"
"5126","4"
"5127","5"
"5128","6"
"5129","7"
"5130","7"
"5131","9"
"5132","10"
"5133","1"
"5134","2"
"5135","3"
"5136","4"
"5137","5"
"5138","6"
"5139","7"
"5140","7"
"5141","9"
"5142","10"
"5143","1"
"5144","2"
"5145","3"
"5146","4"
"5147","5"
"5148","6"
"5149","7"
"5150","7"
"5151","9"
"5152","10"
"5153","4"
"5154","5"
"5155","6"
"5156","7"
"5157","7"
"5158","9"
"5159","10"
"5160","1"
"5161","2"
"5162","3"
"5163","4"
"5164","5"
"5165","6"
"5166","7"
"5167","7"
"5168","9"
"5169","1"
"5170","2"
"5171","3"
"5172","4"
"5173","5"
"5174","6"
"5175","7"
"5176","8"
"5177","9"
"5178","10"
"5179","1"
"5180","2"
"5181","5"
"5182","4"
"5183","5"
"5184","7"
"5185","7"
"5186","8"
"5187","9"
"5188","10"
"5189","1"
"5190","2"
"5191","5"
"5192","4"
"5193","5"
"5194","7"
"5195","7"
"5196","8"
"5197","9"
"5198","10"
"5199","4"
"5200","5"
"5201","6"
"5202","7"
"5203","8"
"5204","9"
"5205","10"
"5206","1"
"5207","2"
"5208","5"
"5209","4"
"5210","5"
"5211","6"
"5212","7"
"5213","8"
"5214","9"
"5215","10"
"5216","1"
"5217","2"
"5218","3"
"5219","4"
"5220","5"
"5221","7"
"5222","1"
"5223","2"
"5224","3"
"5225","4"
"5226","5"
"5227","7"
"5228","7"
"5229","8"
"5230","9"
"5231","10"
"5232","1"
"5233","2"
"5234","3"
"5235","4"
"5236","5"
"5237","7"
"5238","7"
"5239","8"
"5240","9"
"5241","10"
"5242","1"
"5243","2"
"5244","3"
"5245","4"
"5246","5"
"5247","6"
"5248","7"
"5249","8"
"5250","9"
"5251","10"
"5252","4"
"5253","5"
"5254","6"
"5255","7"
"5256","8"
"5257","9"
"5258","10"
"5259","1"
"5260","2"
"5261","3"
"5262","4"
"5263","5"
"5264","7"
"5265","7"
"5266","8"
"5267","9"
"5268","10"
"5269","1"
"5270","2"
"5271","5"
"5272","4"
"5273","5"
"5274","7"
"5275","1"
"5276","2"
"5277","5"
"5278","4"
"5279","5"
"5280","7"
"5281","7"
"5282","8"
"5283","9"
"5284","10"
"5285","1"
"5286","2"
"5287","5"
"5288","4"
"5289","5"
"5290","7"
"5291","7"
"5292","8"
"5293","9"
"5294","10"
"5295","1"
"5296","2"
"5297","5"
"5298","4"
"5299","5"
"5300","6"
"5301","7"
"5302","8"
"5303","9"
"5304","10"
"5305","4"
"5306","5"
"5307","6"
"5308","7"
"5309","8"
"5310","9"
"5311","10"
"5312","1"
"5313","2"
"5314","5"
"5315","4"
"5316","5"
"5317","7"
"5318","7"
"5319","8"
"5320","9"
"5321","10"
"5322","1"
"5323","2"
"5324","5"
"5325","4"
"5326","5"
"5327","7"
"5328","1"
"5329","2"
"5330","5"
"5331","4"
"5332","5"
"5333","7"
"5334","7"
"5335","8"
"5336","9"
"5337","10"
"5338","1"
"5339","2"
"5340","3"
"5341","4"
"5342","5"
"5343","7"
"5344","7"
"5345","8"
"5346","9"
"5347","10"
"5348","1"
"5349","2"
"5350","3"
"5351","4"
"5352","5"
"5353","6"
"5354","7"
"5355","8"
"5356","9"
"5357","10"
"5358","4"
"5359","5"
"5360","7"
"5361","7"
"5362","8"
"5363","9"
"5364","10"
"5365","1"
"5366","2"
"5367","3"
"5368","4"
"5369","5"
"5370","7"
"5371","7"
"5372","8"
"5373","9"
"5374","10"
"5375","1"
"5376","2"
"5377","5"
"5378","4"
"5379","5"
"5380","7"
"5381","1"
"5382","2"
"5383","5"
"5384","4"
"5385","5"
"5386","6"
"5387","7"
"5388","8"
"5389","9"
"5390","10"
"5391","1"
"5392","2"
"5393","5"
"5394","4"
"5395","5"
"5396","7"
"5397","7"
"5398","8"
"5399","9"
"5400","10"
"5401","1"
"5402","2"
"5403","5"
"5404","4"
"5405","5"
"5406","7"
"5407","7"
"5408","8"
"5409","9"
"5410","10"
"5411","4"
"5412","5"
"5413","7"
"5414","7"
"5415","8"
"5416","9"
"5417","10"
"5418","1"
"5419","2"
"5420","5"
"5421","4"
"5422","5"
"5423","6"
"5424","7"
"5425","8"
"5426","9"
"5427","10"
"5428","1"
"5429","2"
"5430","5"
"5431","4"
"5432","5"
"5433","6"
"5434","1"
"5435","2"
"5436","5"
"5437","4"
"5438","5"
"5439","6"
"5440","7"
"5441","8"
"5442","9"
"5443","10"
"5444","1"
"5445","2"
"5446","3"
"5447","4"
"5448","5"
"5449","6"
"5450","7"
"5451","8"
"5452","9"
"5453","10"
"5454","1"
"5455","2"
"5456","3"
"5457","4"
"5458","5"
"5459","6"
"5460","7"
"5461","8"
"5462","9"
"5463","10"
"5464","4"
"5465","5"
"5466","6"
"5467","7"
"5468","8"
"5469","9"
"5470","10"
"5471","1"
"5472","2"
"5473","3"
"5474","4"
"5475","5"
"5476","6"
"5477","7"
"5478","8"
"5479","9"
"5480","10"
"5481","1"
"5482","2"
"5483","3"
"5484","4"
"5485","5"
"5486","7"
"5487","1"
"5488","2"
"5489","3"
"5490","4"
"5491","5"
"5492","7"
"5493","7"
"5494","8"
"5495","9"
"5496","10"
"5497","1"
"5498","2"
"5499","3"
"5500","4"
"5501","5"
"5502","7"
"5503","7"
"5504","8"
"5505","9"
"5506","10"
"5507","1"
"5508","2"
"5509","3"
"5510","4"
"5511","5"
"5512","7"
"5513","7"
"5514","8"
"5515","9"
"5516","10"
"5517","4"
"5518","5"
"5519","7"
"5520","7"
"5521","8"
"5522","9"
"5523","10"
"5524","1"
"5525","2"
"5526","3"
"5527","4"
"5528","5"
"5529","7"
"5530","7"
"5531","8"
"5532","9"
"5533","10"
"5534","1"
"5535","2"
"5536","3"
"5537","4"
"5538","5"
"5539","6"
"5540","1"
"5541","2"
"5542","3"
"5543","4"
"5544","5"
"5545","6"
"5546","7"
"5547","8"
"5548","9"
"5549","10"
"5550","1"
"5551","2"
"5552","3"
"5553","4"
"5554","5"
"5555","6"
"5556","7"
"5557","8"
"5558","9"
"5559","10"
"5560","1"
"5561","2"
"5562","3"
"5563","4"
"5564","5"
"5565","6"
"5566","7"
"5567","8"
"5568","9"
"5569","10"
"5570","4"
"5571","5"
"5572","6"
"5573","7"
"5574","8"
"5575","9"
"5576","10"
"5577","1"
"5578","2"
"5579","5"
"5580","4"
"5581","5"
"5582","6"
"5583","7"
"5584","8"
"5585","9"
"5586","10"
"5587","1"
"5588","2"
"5589","5"
"5590","4"
"5591","5"
"5592","7"
"5593","1"
"5594","2"
"5595","5"
"5596","4"
"5597","5"
"5598","7"
"5599","7"
"5600","8"
"5601","9"
"5602","10"
"5603","1"
"5604","2"
"5605","5"
"5606","4"
"5607","5"
"5608","6"
"5609","7"
"5610","8"
"5611","9"
"5612","10"
"5613","1"
"5614","2"
"5615","3"
"5616","4"
"5617","5"
"5618","6"
"5619","7"
"5620","8"
"5621","9"
"5622","10"
"5623","4"
"5624","5"
"5625","7"
"5626","7"
"5627","8"
"5628","9"
"5629","10"
"5630","1"
"5631","2"
"5632","3"
"5633","4"
"5634","5"
"5635","7"
"5636","7"
"5637","8"
"5638","9"
"5639","10"
"5640","1"
"5641","2"
"5642","3"
"5643","4"
"5644","5"
"5645","7"
"5646","1"
"5647","2"
"5648","3"
"5649","4"
"5650","5"
"5651","7"
"5652","7"
"5653","8"
"5654","9"
"5655","10"
"5656","1"
"5657","2"
"5658","3"
"5659","4"
"5660","5"
"5661","6"
"5662","7"
"5663","8"
"5664","9"
"5665","10"
"5666","1"
"5667","1"
"5668","3"
"5669","4"
"5670","5"
"5671","6"
"5672","7"
"5673","8"
"5674","9"
"5675","10"
"5676","4"
"5677","5"
"5678","6"
"5679","7"
"5680","8"
"5681","9"
"5682","10"
"5683","1"
"5684","1"
"5685","3"
"5686","4"
"5687","5"
"5688","6"
"5689","7"
"5690","8"
"5691","9"
"5692","10"
"5693","1"
"5694","2"
"5695","3"
"5696","4"
"5697","5"
"5698","6"
"5699","1"
"5700","2"
"5701","3"
"5702","4"
"5703","5"
"5704","6"
"5705","7"
"5706","8"
"5707","9"
"5708","10"
"5709","1"
"5710","1"
"5711","5"
"5712","4"
"5713","5"
"5714","6"
"5715","7"
"5716","8"
"5717","9"
"5718","10"
"5719","1"
"5720","1"
"5721","5"
"5722","4"
"5723","5"
"5724","6"
"5725","7"
"5726","8"
"5727","9"
"5728","10"
"5729","4"
"5730","5"
"5731","6"
"5732","7"
"5733","8"
"5734","9"
"5735","10"
"5736","1"
"5737","2"
"5738","5"
"5739","4"
"5740","5"
"5741","6"
"5742","7"
"5743","8"
"5744","9"
"5745","10"
"5746","1"
"5747","2"
"5748","5"
"5749","4"
"5750","5"
"5751","6"
"5752","1"
"5753","1"
"5754","3"
"5755","4"
"5756","5"
"5757","6"
"5758","7"
"5759","8"
"5760","9"
"5761","10"
"5762","1"
"5763","1"
"5764","3"
"5765","4"
"5766","5"
"5767","6"
"5768","7"
"5769","8"
"5770","9"
"5771","10"
"5772","1"
"5773","1"
"5774","3"
"5775","4"
"5776","5"
"5777","6"
"5778","7"
"5779","8"
"5780","9"
"5781","10"
"5782","4"
"5783","5"
"5784","6"
"5785","7"
"5786","7"
"5787","9"
"5788","10"
"5789","1"
"5790","1"
"5791","3"
"5792","4"
"5793","5"
"5794","6"
"5795","7"
"5796","7"
"5797","9"
"5798","10"
"5799","1"
"5800","2"
"5801","3"
"5802","4"
"5803","5"
"5804","6"
"5805","1"
"5806","2"
"5807","3"
"5808","4"
"5809","5"
"5810","6"
"5811","7"
"5812","7"
"5813","9"
"5814","10"
"5815","1"
"5816","2"
"5817","3"
"5818","4"
"5819","5"
"5820","6"
"5821","7"
"5822","7"
"5823","9"
"5824","10"
"5825","1"
"5826","2"
"5827","3"
"5828","4"
"5829","5"
"5830","6"
"5831","7"
"5832","7"
"5833","9"
"5834","10"
"5835","4"
"5836","5"
"5837","6"
"5838","7"
"5839","7"
"5840","9"
"5841","10"
"5842","1"
"5843","1"
"5844","3"
"5845","4"
"5846","5"
"5847","6"
"5848","7"
"5849","7"
"5850","9"
"5851","10"
"5852","1"
"5853","1"
"5854","3"
"5855","4"
"5856","5"
"5857","6"
"5858","1"
"5859","1"
"5860","3"
"5861","4"
"5862","5"
"5863","6"
"5864","7"
"5865","7"
"5866","9"
"5867","10"
"5868","1"
"5869","2"
"5870","3"
"5871","4"
"5872","5"
"5873","6"
"5874","7"
"5875","7"
"5876","9"
"5877","10"
"5878","1"
"5879","2"
"5880","3"
"5881","4"
"5882","5"
"5883","6"
"5884","7"
"5885","7"
"5886","9"
"5887","10"
"5888","4"
"5889","5"
"5890","6"
"5891","7"
"5892","7"
"5893","9"
"5894","10"
"5895","1"
"5896","1"
"5897","3"
"5898","4"
"5899","5"
"5900","6"
"5901","7"
"5902","8"
"5903","9"
"5904","10"
"5905","1"
"5906","1"
"5907","3"
"5908","4"
"5909","5"
"5910","6"
"5911","1"
"5912","2"
"5913","3"
"5914","4"
"5915","5"
"5916","6"
"5917","7"
"5918","8"
"5919","9"
"5920","10"
"5921","1"
"5922","2"
"5923","3"
"5924","4"
"5925","5"
"5926","6"
"5927","7"
"5928","8"
"5929","9"
"5930","10"
"5931","1"
"5932","1"
"5933","3"
"5934","4"
"5935","5"
"5936","6"
"5937","7"
"5938","8"
"5939","9"
"5940","10"
"5941","4"
"5942","5"
"5943","6"
"5944","7"
"5945","8"
"5946","9"
"5947","10"
"5948","1"
"5949","1"
"5950","3"
"5951","4"
"5952","5"
"5953","6"
"5954","7"
"5955","8"
"5956","9"
"5957","10"
"5958","1"
"5959","2"
"5960","3"
"5961","4"
"5962","5"
"5963","6"
"5964","1"
"5965","2"
"5966","3"
"5967","4"
"5968","5"
"5969","6"
"5970","7"
"5971","8"
"5972","9"
"5973","10"
"5974","1"
"5975","1"
"5976","3"
"5977","4"
"5978","5"
"5979","6"
"5980","7"
"5981","8"
"5982","9"
"5983","10"
"5984","1"
"5985","1"
"5986","3"
"5987","4"
"5988","5"
"5989","6"
"5990","7"
"5991","7"
"5992","9"
"5993","10"
"5994","4"
"5995","5"
"5996","6"
"5997","7"
"5998","7"
"5999","9"
"6000","10"
"6001","1"
"6002","2"
"6003","3"
"6004","4"
"6005","5"
"6006","6"
"6007","7"
"6008","8"
"6009","9"
"6010","3"
"6011","1"
"6012","2"
"6013","3"
"6014","4"
"6015","5"
"6016","6"
"6017","1"
"6018","2"
"6019","3"
"6020","4"
"6021","5"
"6022","6"
"6023","7"
"6024","8"
"6025","9"
"6026","3"
"6027","1"
"6028","2"
"6029","3"
"6030","4"
"6031","5"
"6032","6"
"6033","7"
"6034","7"
"6035","9"
"6036","3"
"6037","1"
"6038","2"
"6039","3"
"6040","4"
"6041","5"
"6042","6"
"6043","7"
"6044","7"
"6045","9"
"6046","3"
"6047","4"
"6048","5"
"6049","6"
"6050","7"
"6051","8"
"6052","9"
"6053","10"
"6054","1"
"6055","2"
"6056","3"
"6057","4"
"6058","5"
"6059","6"
"6060","7"
"6061","8"
"6062","9"
"6063","10"
"6064","1"
"6065","2"
"6066","3"
"6067","4"
"6068","5"
"6069","6"
"6070","1"
"6071","2"
"6072","3"
"6073","4"
"6074","5"
"6075","6"
"6076","7"
"6077","8"
"6078","9"
"6079","10"
"6080","1"
"6081","2"
"6082","3"
"6083","4"
"6084","5"
"6085","6"
"6086","7"
"6087","8"
"6088","9"
"6089","10"
"6090","1"
"6091","2"
"6092","3"
"6093","4"
"6094","5"
"6095","6"
"6096","7"
"6097","7"
"6098","9"
"6099","10"
"6100","4"
"6101","5"
"6102","6"
"6103","7"
"6104","7"
"6105","9"
"6106","10"
"6107","1"
"6108","2"
"6109","3"
"6110","4"
"6111","5"
"6112","6"
"6113","7"
"6114","7"
"6115","9"
"6116","10"
"6117","1"
"6118","2"
"6119","3"
"6120","4"
"6121","5"
"6122","6"
"6123","1"
"6124","2"
"6125","3"
"6126","4"
"6127","5"
"6128","6"
"6129","7"
"6130","7"
"6131","9"
"6132","10"
"6133","1"
"6134","2"
"6135","3"
"6136","4"
"6137","5"
"6138","6"
"6139","7"
"6140","7"
"6141","9"
"6142","10"
"6143","1"
"6144","2"
"6145","3"
"6146","4"
"6147","5"
"6148","6"
"6149","7"
"6150","7"
"6151","9"
"6152","10"
"6153","4"
"6154","5"
"6155","6"
"6156","7"
"6157","7"
"6158","9"
"6159","10"
"6160","1"
"6161","2"
"6162","3"
"6163","4"
"6164","5"
"6165","6"
"6166","7"
"6167","7"
"6168","9"
"6169","2"
